x,y,z,label
0.3303817887510875,-0.5849648154560647,-0.5946208414132126,0
-0.3422998500971291,-0.7617551561596086,-1.8129087998627638,0
0.7108553739574683,0.2990158994796035,-1.6783290599211453,0
1.191236392928778,-0.09859852595130766,-0.6166905447774964,0
0.906986335722905,-2.127061900910884,-0.23501034521839367,0
1.4818360997444877,-1.2481603362918865,-1.4146228769074463,0
1.0818554938741836,-1.6339111546601714,-0.90764424270149,0
0.0801109656147606,-2.069127923642923,0.9659228440461014,0
0.44856893505832246,-1.1452557618700572,-1.6831450778075085,0
-0.5437994801827238,-1.0253628105015273,-1.7106393240272453,0
-0.35924839783383333,-0.32129085737558016,-0.46618256269939845,0
-0.7063268562443704,0.2887576978827416,-0.2770133084731676,0
-0.48285417105271167,0.21238477503132902,-0.14862323324665425,0
2.0025301893228313,-1.6014707501054886,0.6077598596985981,0
-0.07230302299079419,-0.7925673324658646,-0.7121060047357354,0
-0.25553079517898014,-1.6830619257093082,-1.9197388421943844,0
0.8218976611951184,-1.0936404671360336,-0.4516421343665932,0
0.7755134107496409,-0.6211548061831018,-1.179148880372273,0
0.6828156599080758,-1.4176949288267104,-0.05883666015891113,0
1.2041407230551124,-0.7127580452510223,-0.162704105534482,0
0.6838461994851045,-0.8311235702190898,-0.5611886625774041,0
0.7073466520845008,-0.6204232642784345,-0.1479053718998295,0
0.07408466219969352,-0.9049132515797906,-0.2073919775176743,0
-0.22261291563283392,-0.9136445942090505,-0.9530383207618043,0
0.012046407348770233,-0.6497144062814966,-0.4750518478579054,0
-0.09396689927965907,-2.377642234950168,-0.7228582991803506,0
0.3651574755530134,-1.3757489330680728,0.2487109133512002,0
0.39567715526385766,-2.140347292391526,-1.7593453364970766,0
-0.46059693813480723,-2.091108582813067,1.3562189579670572,0
-1.0691875011040928,-1.6982081476976107,-0.5896862012836107,0
0.08909063457345422,-0.9242671023971477,0.19900762317796156,0
-0.07598265460841609,-0.29663627936105585,-0.07718357263685312,0
-0.46218171361320054,-1.2537957381032951,1.3237171740357176,0
-0.7202082652245673,0.413187632163738,0.36794954230986876,0
-0.15793520992874482,-1.0835646669453731,0.5288537351003718,0
0.5088181724833998,-2.000845449480819,0.5426244305993224,0
-0.5324891484149791,-0.5055222978527844,1.1783589136486936,0
0.1478450897611735,-0.7301729983285582,1.4833992442903519,0
0.6415247574941629,-1.8592158768951152,0.29114524336941716,0
0.22979517442132347,-0.37965937291994023,0.5888408983980327,0
-0.1419832659330516,-0.3356282772929166,0.3471038671579001,0
0.15055975966756716,-0.5576287464203947,0.18240938781446772,0
0.14845690909469536,-0.7109957559026362,0.6448976073137362,0
0.1651330879915496,-0.7322763736043082,0.8940176802078244,0
0.09611484960150851,-0.9918026729358376,0.3026483272507907,0
0.4812525477288596,-1.6772243267711922,0.0802264006244146,0
0.7222434250907782,-1.5935319405010424,-0.9053890870270602,0
1.0286557541780215,-1.8950742890210701,0.3624154947353521,0
1.0617917115804227,-1.9619144720580586,0.1439515324889038,0
0.4113830911883126,-1.7943847871120924,-0.522331811999813,0
-0.9240910244360749,-1.0980740631030204,0.566376794973925,0
-0.8349330275100065,-0.12700469649939825,0.2006674739382602,0
0.03542025794085512,-0.37856609256638896,0.21599499661959518,0
-0.3356038198606543,0.18025885148917112,1.001834928696804,0
-0.24983606855058593,0.42744633490091544,1.498687897221955,0
0.4029608256168795,-0.8121965645545219,-0.11426973678645305,0
1.0488995780221466,-1.89834763512312,-2.040707066514875,0
1.1827119343712345,-1.498551849699436,-0.5259687606450871,0
0.88800360863463,-1.1559150503327835,0.3519626621540511,0
0.857018331265729,-0.8560490233871842,0.015312374171981983,0
0.3869977239376696,-0.23228247182582368,0.35962735857819217,0
-0.12734906172834934,-1.0738898575413078,0.35508626706953844,0
-0.20910072833671234,-0.05684249586322519,0.3255744158326407,0
0.7280433236881731,-0.2457478604702453,1.0994791765537197,0
0.5473948571863307,-0.7807415455946647,0.9956739043653872,0
0.7704610472956931,-0.8916919370593563,-1.8871567752313199,0
1.9567982196397018,-0.9382348590213995,-1.222539358887896,0
1.4460301868312049,-0.4375785144183785,-0.8558023337688532,0
1.6600479848692957,-0.8718794094621215,-1.0220469579330262,0
1.436366686154866,-0.3044016069934902,-0.9434448459376851,0
-0.011158663159020319,-1.3516251636274341,1.1302726681922999,0
-1.0482570116432062,-0.25931447936313734,0.23604834437501576,0
-1.0232210146200214,-0.5589432724635502,-1.4873209765383542,0
-0.22860870909515696,0.6125282408112834,-0.8847266750842321,0
-0.5665036929098753,0.9903410261216865,-0.2620528409070983,0
0.18231981562973537,-0.13496856470762034,-1.1103366912186847,0
0.8020026473365899,-1.7145196077604412,-0.20711160108945248,0
1.0358102639660844,-1.878983970656163,0.6217449339339736,0
0.5722851011440505,-2.0365411134976936,-2.200609728353092,0
0.8700827571005342,-2.014555316912504,-1.1626355219175408,0
0.015305888006253694,-0.3930452664812254,-0.7556942922034195,0
-1.016584450727747,-0.5573595447416266,-0.6014312029645627,0
-0.13531015257881815,-0.6834677962199923,-0.838721878093857,0
0.7728579371410077,-0.8988775564042477,0.17758515460823743,0
0.255601756904909,-0.43142141460850286,0.06362757277835457,0
0.7144290679450057,-0.7127532831102984,0.10194571006187766,0
1.4591694340626167,-1.719954734030527,0.08492165530778341,0
1.3362299247166742,-1.7912900998461183,-0.24930273444006099,0
1.032035742477108,-1.2249593254915903,-0.6550250543073554,0
0.87935985097273,-1.5547507133577443,-2.724570903552419,0
-0.20129510015090113,-2.1204383030164724,0.7149855488680076,0
-1.2828428025675809,-0.6045634830336438,-2.754255800468913,0
0.1313723214923373,-0.08489751250687436,-0.21160740615038956,0
-0.20397952591496882,0.23496853733894993,-0.4032237540992778,0
-0.7311026216914471,0.399249071203563,-0.09450507073651868,0
-0.17625519751488322,-0.2205109900879721,-0.8137875077110819,0
2.013346362579672,-2.4175507838973,1.3712044570995838,0
0.6295929906216043,-0.944501827171227,-1.5218671455673458,0
0.14954724436668182,-1.2822382899144609,-2.293517623227054,0
0.9023516610409622,0.06993226654897343,-0.8293963392737789,0
0.42268074983545767,-0.016346720595280178,0.01370330830804426,0
0.15134865533563685,-0.9422848432460891,0.41150311332403683,0
0.10912027982012347,-0.7613020870180243,-0.34875128175368225,0
0.3666707670911026,-1.1280898428674924,-0.7371298380133088,0
1.0606330386739145,-0.8588261963615846,-0.06946180455682938,0
0.9944335715045568,-1.1446183075679466,-0.22387327089481526,0
1.5219480101105076,-2.018998157965885,-0.9186815353328961,0
1.2401188334639184,-1.586262656458796,-0.47581400138647517,0
0.7947201937810586,-1.4386078262972264,-2.6635585086846434,0
-0.2034818896295137,-2.173064623398228,-1.7991490952113351,0
-1.123275547446595,-1.6543321827891297,0.042866349736326005,0
-0.622152106768576,-0.05242229673741107,-1.310177819028343,0
0.22385579630792707,0.3068776365549125,0.06461913608275685,0
-0.35807810128132295,-0.128680549546096,-0.616220270124489,0
-1.1081527826348485,-0.34423215777250066,-0.9418094704283596,0
-0.3385713654899192,-0.7891737448538122,-0.9618525046470725,0
1.313693690406541,-1.9154024717959068,0.18926049717349633,0
0.12057808130149046,-0.7605297419432051,-2.740684048910825,0
0.23527339158082894,-1.4115866225911589,-2.6177758801626387,0
0.46060395392264003,-0.3624452436007339,-0.6375189202276218,0
-0.44099215748241943,-0.49800046210396587,-0.3585892186987408,0
-0.6496776958145606,-0.9953036786404057,-0.7249836744748244,0
0.21286057167100358,-0.08130154465232992,-0.5968488125934125,0
0.3954513297222756,-0.7710091745351942,-0.7029050463897938,0
0.6159486082857378,-1.27494490240941,-0.4486529302744641,0
1.2369226262759436,-1.356242661419704,-1.6274170007564093,0
1.9568801263136026,-1.4478970469867367,-2.3639684902733737,0
1.5340213215600826,-1.2434127476211319,-1.2874081642563937,0
0.9704831071627409,-0.8126149445585148,-1.8017004132590393,0
-0.13763724039659983,-1.4166438623130535,-1.1325908651150745,0
-0.9887839692314515,-1.4421471887676818,0.009088585880477063,0
-0.5125149918872938,-0.5526025504755809,-1.1773950846293033,0
0.05226718031847685,0.21704490330841897,-0.07905385137302223,0
-0.699588866086076,0.10874894694264015,-0.6500460888538097,0
-0.9820682531389696,0.05388547322339978,-1.070496848277615,0
0.1452993354917971,-1.0617505798392293,-0.5355045932940397,0
0.40431938689861774,-1.5202216212217259,-0.09986953020450742,0
-0.33213141764542004,-1.5295752771906008,-1.7586179730713543,0
0.11235910669043674,-0.8601144339863173,-1.553706026992553,0
0.04707581390106964,-1.1768259482241534,-1.5726979405860513,0
-0.20007242517899765,-0.9869395419356247,-0.9038993543854412,0
-0.06481548663732506,-0.7305674591158747,-0.967844961441266,0
0.18290860794442856,-0.8828167829798198,-0.8466680964563539,0
0.08408647599763744,-0.8559641644810291,-0.7762020839511294,0
0.3816423175452524,-0.9530206266319925,-0.5370036083817291,0
0.8887341192032662,-1.2268229905637638,-1.0197885787851877,0
1.6430367747093424,-1.6298918491113388,-1.4041665270445116,0
1.1079095606828815,-1.2338640857762693,-1.3083467006937308,0
0.6178163606635659,-0.7649044537519036,-3.134110030570757,0
0.5204084873416099,-1.4707165900818888,-2.296460063939341,0
-0.5382519426314546,-1.2667998693916995,0.982517754668356,0
-0.6277917068579185,-0.6210429303515936,0.4089902389120768,0
-0.25464024344066416,-0.011825573807081663,-0.2874294807846742,0
-0.46332330475859274,0.028407250586320792,-0.4196351384790664,0
-0.5902164708468417,-0.3600191064097908,-0.5140760783772534,0
-0.4449843832104582,-1.7236589391381347,-2.946681373075204,0
0.4987361633646838,-2.532076071337264,-1.432144794038866,0
0.10499676174875482,-1.0551841619959716,-0.7893090885015532,0
1.0267768081104849,-2.2736425535383264,-1.0191024300512976,0
1.3635806030946636,-0.29583314257594545,-0.76898127993741,0
-0.01606932530311512,-0.0015886611156063729,0.08058851005557056,0
-0.2580498180277678,-0.6151220933080775,-0.19156706407776708,0
0.12430656273168353,-0.20938240186921708,-0.40703003110567043,0
0.6683359921616908,-1.0307465366232302,-0.009533562565399055,0
-0.09981596645032553,-1.5306835942889,-0.38427946400459684,0
0.041209488115343515,-1.4514883650567851,-0.0784235853843819,0
0.4343735383162749,-1.9081821418368807,0.3187197523673128,0
1.066646214654958,-1.6282061767633194,-1.128208703208034,0
1.5347182245844515,-1.6015039505795787,-1.4631047423722294,0
0.8192066875991239,-1.8758973551791547,-0.49400902000972136,0
-1.2494360574207632,-1.7040806742759755,1.8034752831809475,0
-0.23268162364059986,0.01799895960669289,0.6559526770524718,0
0.36195356409894325,0.3594893456535313,0.37860679650104373,0
0.22715711933760296,0.6764622915831113,0.735452320568546,0
0.5075103428672706,0.45370159015081063,0.3219899199780469,0
0.7525263164335633,-1.3918376192157464,-2.915599474600963,0
0.49920201994962204,-1.5344429016486865,-0.8199156975924292,0
-0.28601741591048363,0.20194016382721983,-1.0476770567234197,0
1.1974787557353335,0.9349763769358993,-0.35984338658470166,0
0.032806669064640574,-1.7208274672472799,-0.9320907533382562,0
0.9401255559217105,-0.0031839861705054407,-0.9272572660935546,0
-0.27547590106370584,-0.37709032403281945,-0.5047811434846414,0
0.5541098796301126,-1.1147305494736004,-0.6312830313509932,0
0.264247786133926,-0.9410113769612524,-1.1170693856047353,0
-0.18073304193227352,-0.7209052869615818,-0.3879485079762948,0
0.7366191408426703,-1.2672096994710698,-1.1603154615863005,0
0.7428760670949087,-1.9761070926041615,-1.3464570114009768,0
1.314252539336512,-0.9478067019680811,-0.9849595811997939,0
1.0727409319529535,-1.4271099229314452,-1.65271406581949,0
-0.2661450372386943,-1.5174775859873046,-1.6294808121803441,0
-0.5368147321771918,-1.4300732574025092,0.6971402619851842,0
0.17030306355385533,-1.2561310724723462,-1.1202868092468976,0
0.7169485768773859,-0.6657414542999205,-0.24375133455703613,0
0.29824010951329205,0.07411537029678342,-0.3182859733763691,0
0.5077300653592983,0.29528919712850543,0.14035323001503455,0
0.5692352601858116,-0.3025050611086074,0.10290993631272129,0
1.2043240189298359,-1.3787740713768666,-1.0519302529962313,0
0.9985633832464965,-1.9981877951612133,-0.6222871206342409,0
0.5134627298060578,-1.9419548572726368,0.12258859835609258,0
0.33854384180851416,-0.5371504482648725,0.5866584346135432,0
0.19905200957138106,-1.5454785439126728,0.5832010890686796,0
-0.11469968085794681,-2.6303023731945836,0.5168469555516046,0
0.7232372457649439,-1.325288279430348,0.09454097341920358,0
0.6023521300703978,-0.827441510817882,0.008056028832236394,0
0.2374198181181404,-0.40587867937650574,0.19804571951138542,0
-0.5028197104514323,-0.016117220000927808,-0.9502813003949623,0
-1.059664732747438,0.6187658358329721,-1.2087759862367382,0
-0.8290367308054118,0.06594473633608099,0.49099280102872667,0
-0.7009099152697199,-0.34713523584724226,-0.48387992621557996,0
-0.5530484225077558,-0.879332722606425,-0.9467487891317292,0
-0.8449841147227811,-1.0886623786465268,0.8190995353799253,0
-1.264549620532427,-0.8602031818421898,0.7613583229054551,0
-1.165051895931939,0.3811498427004739,-0.5431811104358456,0
-0.8309144759605426,1.1055229645017652,0.9071086318343695,0
-1.8892342068722752,0.8016214053490945,1.2291700423232064,0
-2.041497174918267,0.8300342652750164,1.6198889586425147,0
-0.8730619423854765,0.6376292245874804,0.9695854450164816,0
0.27111680917916653,-0.45343079130706526,-0.3366348554478554,0
-0.6470973190499036,-0.12111420535836402,-0.6030411957579408,0
-1.3122038485551257,0.4674457951829956,-0.26536387942510753,0
0.09034626580115054,1.0152411183188934,0.3851930931137431,0
0.1687202768880704,1.0410313939888447,0.5423667986627894,0
-0.39203862272105344,0.5417176723983528,0.9403995367860147,0
-0.7848785155288884,0.21686490275360554,1.3799736107315947,0
-1.1771520277585772,-0.6513073289025257,1.4040316592858686,0
-1.0236627068140631,-0.1868129497209989,1.3714917460436096,0
-0.8588335968006757,-0.46205063790051737,0.7970936307488337,0
-0.6847916057226117,-0.804632260638332,0.42153063732545626,0
-0.15379255562530111,-0.4426353506073416,1.1537982610153286,0
-0.25785579760283817,-1.4449991831904572,0.4760740045173096,0
-0.6689901834948204,-1.3143568718700998,-0.4406340568466926,0
-1.4192491117101422,-1.9170838590085155,1.0590693232983024,0
-2.1248155308829495,-1.508042278464353,-0.7972583975056293,0
-1.170842160754946,-1.3030668433506702,0.09240017674386669,0
-1.2913044271429601,-1.1941819900151374,0.9509916915442013,0
-1.7581024087986254,-1.3329706421616108,0.42987586619591345,0
-1.6272589991432755,-0.8336064619995758,1.1347986826307144,0
-0.48585965026431915,-1.7628054992253328,-1.1035058327954157,0
0.2757209813214048,-2.2151271599194833,-2.358543201718443,0
-1.3618774870366164,-0.8123490118355909,-1.0831410154423209,0
-0.9802892740276693,0.01878462239857987,-0.32365082292278025,0
-1.1867698439902294,-0.24667382499321883,0.23814802894151754,0
-1.0819916598861004,-1.1171278142789494,0.030023643570562877,0
-0.9425422598873061,-1.0476649147357022,0.16667694768577343,0
-0.879077353927445,-0.8818592739372216,0.7896164810315449,0
-0.8915695645924818,-1.298574235496485,0.7230873777460948,0
-1.3830990198429653,-1.0742355120944436,0.6597886669609392,0
-1.4345242875558684,-1.1807550929866824,-0.5028874232184698,0
-0.5191624741278074,-1.0451812735369155,0.12076763442302607,0
0.09053201962798507,-0.9573815301541772,0.5549200286309054,0
-0.35153194681930455,-1.2198541333976334,0.8072411381909532,0
-0.21610811110538122,-1.4535666021525173,-0.4572822382932711,0
-1.0031396168262974,-1.7528562885585135,0.15993988563134634,0
-2.5856264579909065,-1.5137795220405221,0.8151309727297145,0
-1.1745412410113094,-0.5225715811438058,1.028864121475052,0
-1.7919411234086227,-0.46686859389775653,-0.5245686013722631,0
-1.495445635624069,-0.07755995340552482,-0.14945575739606334,0
-1.3062838333010132,0.022875285455543508,-0.8941289512468026,0
-0.836887913813618,-0.33576167940212304,-0.8556835005728871,0
1.4912302326970848,-3.162012774229475,-0.1240070253445301,0
0.06565917089705386,-1.2891210854880537,0.5591935797376404,0
0.5179677652524884,-2.6269930685782428,-0.5945357027862918,0
-0.2011325372769701,-1.1484979138592286,-0.3575320969681961,0
-0.04483557229592683,-1.0681786514471168,-0.27135689516511846,0
-0.3703779594553272,-2.3280462551740184,-0.1295086580071319,0
0.3841214080444358,-1.3462375247057472,-0.8534781678819456,0
0.8812908554281528,-1.4419882343202894,-0.7180345026094411,0
0.4117018910718317,-1.0959766187440465,-0.3885658261494687,0
-0.05198313288892191,-1.1616294326945826,-0.6646203958789884,0
-0.43260135179179726,-0.8124142598325395,-1.255389425246033,0
0.06981873519089757,-1.5708138731651522,-0.45458624428836675,0
0.5115244566535628,-1.675126569872007,-0.22909801955417963,0
0.5034198022318078,-1.7748392943235163,-0.9214674528039523,0
0.576468327012908,-1.8440520045798718,0.22106269662865977,0
-0.8433188103368362,-2.550600685718593,1.508967831422322,0
-0.694536776914591,-1.3447620213509608,-0.7185637227677448,0
0.621781374182451,-0.8009428881352838,1.2043404078652968,0
-0.2977885919894303,-0.8963370351476961,0.6965854905065713,0
-0.7343299414063801,-0.6076055945931166,0.026626076426022074,0
-0.42301357425537534,-0.4197080133541101,0.6661939887544331,0
0.9461884448049289,-1.9294435222081519,0.8700511856632893,0
-0.16475817681831595,-1.6097899884025577,-1.8188398094416987,0
-0.7946560181633281,-2.196376596485732,-1.05530095930905,0
-0.41657937787055543,-1.2862648703594954,0.3623709934421132,0
-0.2216009298347733,-1.4641845968756457,0.4524824626636498,0
-0.26092898963563455,-1.8509857572068638,0.11174393686572799,0
0.546144937176099,-1.1229403760898329,-0.5626346223965804,0
0.48758181147995544,-1.401205031475295,0.09674848981281649,0
-0.01941042776197972,-0.4952305578088736,0.6647255604970439,0
-0.06741890588229373,-0.3914681144244921,-0.3101439537951871,0
0.15280441003781695,-0.9119187697692216,-0.9258555430876081,0
0.741061563639117,-1.5122798975895595,0.7215894516163743,0
0.7594708042213423,-1.7676876599116902,0.5167951761262386,0
0.41106736453918674,-1.970157831469618,0.18629350624573798,0
-0.4196006690955062,-2.2094941069636223,1.0976172662228136,0
-0.9346323295997345,-1.9231772345256193,0.7320841722548217,0
-0.1704548488400873,-0.9509709167146918,-0.3671737873791489,0
-0.04218552609124408,-1.0398914971157593,-0.13507261641630092,0
-0.805978811250543,-0.47614020947409935,-0.11190405450848855,0
-1.362101673237454,-0.17599110643807425,-0.27202450004953405,0
0.03193480348099877,-0.7846584713348287,1.1066864830123218,0
0.96456195241855,-2.063499916544217,-1.0602840691156785,0
-0.08840577468591486,-2.378270862393291,-2.68876654420033,0
-0.38703101919986094,-2.040836365489999,-0.987109451209707,0
-0.2372477880701005,-1.0142933279885518,-0.43228185811916653,0
-0.43931334908004255,-1.8291419933620894,-1.0040638355376754,0
-0.40547053675358724,-1.533160869614406,-1.0851672939834027,0
-0.018195567192759256,-1.1011069906146933,-0.7198092855184496,0
0.12808100924306018,-0.7766119342626191,0.6003937074144974,0
-0.11832013523990983,-0.8109778238911292,0.3066259829630771,0
-0.035443986146014565,-1.275596617135772,-0.16358615754398745,0
0.1473142727107279,-1.258654291548015,-0.3285928245660734,0
0.5572658774326052,-1.4832021713808257,0.15496570975163146,0
0.5036657425266844,-1.7693003255791795,0.8049762200346338,0
0.29000415374665894,-2.152791526824682,-0.7897379853820663,0
-0.2238335202486938,-2.8748422849582753,0.3406218080219137,0
-0.7552138293236879,-2.0754875122083476,-0.9070412782569096,0
0.2158967779315131,-1.131575616842914,0.02990841274751152,0
-0.41991115684368724,-0.4685463888760386,0.05889930017917154,0
-0.8825077549196391,0.10105985154135771,0.5851840368148228,0
-1.1793422028782492,0.10310326125838479,0.40830411122085253,0
-1.2114769159768866,-1.675532171898356,-2.090495228336209,0
0.2908385601824887,-2.6538899185815827,-2.0216843096335846,0
-0.2716509346878499,-2.039419823609054,-0.25164519350568343,0
-0.42966053440610424,-2.7811870605898887,-1.1332570693470296,0
-0.7089937544059437,-1.7239749382031138,-1.1880467752710862,0
-0.9458251244485224,-1.8153905536739612,-0.19595334995280736,0
-0.6030247099776146,-0.8731979776166524,-0.5152835788905369,0
-0.1531332705995912,-0.9146075345562249,-0.602300224303104,0
0.2287924813978317,-1.2992104893729015,0.30958056397852074,0
0.03208164414526556,-1.0275592854588764,0.30665082120004,0
0.4078853681480143,-1.3958733362341187,-2.2085542028046383,0
0.29129122685207026,-1.2388658809777162,-0.1880331534772398,0
0.3508174218163473,-1.66078832762916,0.31419790753318033,0
0.26056658083390977,-2.2962877218024684,-0.1516336904315145,0
0.1381797961882711,-2.6023527306417717,-3.3166382956648386,0
0.4449647353540639,-1.8532337306525535,-0.11871195275274188,0
-0.9587443579613532,-1.6053928030876001,0.7641543855718906,0
-0.8824623595834947,-1.1054977465310187,-0.05349422315613146,0
-0.0838244834197259,-0.8880303199356214,-0.5405212253828847,0
-0.7901599673208224,-0.2945366929995494,0.006113443549949486,0
-0.7769600771899335,0.424118177271251,0.4204031207750065,0
-0.8315283931842552,-0.19112470474073545,0.26870226941237735,0
1.328463986368174,-2.731207859040241,-0.8167305481393524,0
1.4482715722870396,-2.5336234110140454,-2.8418866181760767,0
-0.3513569895550603,-1.934709804422106,-1.6284707642089657,0
-0.295153984710401,-2.1068444737963103,-2.6205378037337086,0
-0.06581686119878415,-0.42891180148771,-0.7824075451326205,0
-0.9372609881263326,-2.0905928756396253,0.2360673393266442,0
-0.006500449958519966,-0.25284363439490526,-0.25627159093045315,0
0.25161870957882915,-0.7906792550077771,0.5016654939609642,0
0.8828026560980895,-0.6804461190255815,0.7816660488751674,0
0.6355521181313467,-1.1439265951548128,0.03509253656727707,0
0.5930633701919739,-1.2109821137629648,-1.3307619917083884,0
0.9820356907086873,-1.0451601880935113,-0.19006315920054945,0
0.8831400383537291,-1.3110297113171825,0.6452129435013007,0
0.6500492139336952,-1.0789284657973697,-0.09234711376700147,0
1.1219994402200868,-1.2324340521052275,-0.0891675961204652,0
-0.29529105424724716,-1.652574793483478,0.31483774135904946,0
-0.33158424742974485,-0.9291911604269824,-0.555172786611041,0
0.5193331560616562,-0.4507572726045822,0.18527619197873194,0
-0.06668189090096245,0.1299754844494883,-0.3450423777117804,0
0.4917640323524522,0.14935450803540007,0.23518927884785887,0
0.6437170612151891,-0.15118020519172318,-0.5194039933101111,0
0.9377237311100723,-0.9083455534856457,-1.1289374545291002,0
1.3286968871264961,-1.5533744626009631,0.6185277877919704,0
0.6581387738184341,-0.969794214415986,-1.0957855100835174,0
1.0017775289311575,-0.025945055422366577,0.10510179775187775,0
0.3630378054288241,-0.3509389790778356,-0.5185416122478815,0
0.5038728956806657,-0.7344931676315959,-0.240480836050378,0
0.30083833052313264,-0.2810039037304095,-0.03884673447295994,0
0.5598511357897012,-0.8456749338015636,0.07839558149021096,0
0.7332222425531836,-0.6173689823014034,-0.18648253782684585,0
0.5827734443762042,-0.7801732706271334,-0.9311199670362653,0
0.27802425189034247,-0.9230930770256831,-0.9183727342083132,0
0.791586122690526,-1.0065295827251657,-0.3105480390051034,0
1.1737775368450245,-0.8113942676152596,0.026546368122114094,0
1.3824162088821748,-0.5459515455739834,-0.26767089869556754,0
0.722492969181878,-0.8336123291649307,0.19601913059097895,0
-0.6897046040331679,-1.1941936529080845,0.9327362896754993,0
-0.6731622262640259,-0.8290052664855806,0.5097934183753122,0
0.14746139930651989,-0.14428390878527847,0.14528091738473342,0
0.6382611445966375,0.1481703728641175,0.2899121036826936,0
0.7219537023253602,0.5988574267767051,0.6757530012152291,0
1.4188877661500892,0.8603663662526064,-0.12114876844819039,0
1.9028092549247135,-0.5161416569015371,1.1045715372522524,0
1.6734471311490424,-1.2561356887986501,0.8308071487148365,0
0.05883668585505285,-1.1367848223191868,-0.08522947536919205,0
-0.15476835414133433,-0.9577587780578138,-0.7245823855721957,0
-0.35082592469729296,-0.3889726168178062,-0.335278793712115,0
-0.2700606364949976,-0.44668693652996766,-0.14395248787707454,0
0.45214067941646013,-0.5887946730320519,-0.41570217738951365,0
1.1625696522247457,-0.19870555350709737,-0.06560701434139478,0
0.9333484768059107,-0.4941483435264561,-0.3671752353776078,0
0.33225014688014676,-0.8698579502410254,-0.4471036048025335,0
0.7874013485554097,-1.0327719644833198,-1.5621718926784915,0
1.1120925292133665,-0.801233120774859,-0.6499129979364143,0
1.2658136177801584,-0.891779155559331,0.7147505364823334,0
1.2519386740294478,-0.5567973024218624,-0.148077813917943,0
0.20115378313550814,-1.1339739645181444,0.26080512912298975,0
-1.1029538803332442,-0.8454898331330674,0.7400669509344494,0
0.18298565484140647,-0.5360063453688989,0.41684882640689014,0
0.4144633118416007,-0.16453837841436986,-0.29675307578847404,0
0.7534931568208122,0.15412899890155604,0.4296201110021605,0
0.9461109393585052,0.09522324199364576,0.1661227995961429,0
0.5867471539199747,-0.06645946102579939,-0.1821876954875476,0
1.9524560476130053,-1.7090978365087874,0.39644622997174944,0
1.0386135493471642,-0.6287269366035336,0.30596271023753874,0
-0.34772118488621695,-1.439338565657409,-0.13936040551696574,0
0.22022147001096948,0.048148351724420044,-0.5493545420492444,0
0.40867901133840767,0.3839465033765475,0.024663590042299205,0
0.17199600586922445,-1.1345834846204668,0.008836117288131202,0
1.0239022791833827,-0.0731699039544144,-0.015809662135655003,0
1.101236128567948,-0.10143782660709307,0.44302366984551445,0
0.5242567666678201,-0.580988201430646,-0.3590797192993415,0
0.7488654525140506,-0.6350129691410774,0.17823721632736006,0
0.5795430323647764,-0.8021339780892499,-0.6022768143371007,0
1.2662715360587526,-1.108274553839024,0.15121208741399686,0
0.8249154418163435,-0.7773115251758349,0.7381247260078189,0
0.3701937400030872,-1.05247423264146,0.051641716215494286,0
0.1640016558873472,-1.1992729806888176,-0.37484013696774304,0
-0.5687514789958517,-1.4883137569284646,1.651859515208241,0
-0.17085817220046534,-0.588315113140407,-2.013596641154596,0
1.6210528436152647,-0.36068952042264574,0.7276445918824582,0
1.091650187347321,-0.19016376397270665,-0.4135249466530425,0
0.8397207008494735,-0.07885536645615684,-0.12123957544328388,0
0.7750530641710938,0.30967868296704304,0.3472948188311558,0
2.429525538976207,-1.720831308157363,-1.9558134446158153,0
1.8346586778658884,-0.6961898365130674,-2.9272442650563213,0
-0.17197491907333495,-0.3041910352585668,-0.12303669014469293,0
0.3372788108466785,-0.101285651739011,0.009034719285670085,0
0.7717192656741897,0.05526039243454326,-0.13839686578310262,0
0.5109489193830739,-0.7721530174519688,-0.317024599166379,0
0.8509237638170329,-0.04178600919961549,-0.07278742301209222,0
0.6411388314785846,-0.2647060805938895,0.13847172304376698,0
0.8152752667984265,-0.4583818283957171,0.3119397361816694,0
0.6660033648971609,-0.5625667840969465,-0.6806081151111154,0
1.2090201741847237,-0.9015908993986799,-2.1933868227030984,0
1.020605184763263,-1.1377528090886875,-0.20811054116347924,0
0.5256053076381088,-1.3031314278354886,0.3808151664377992,0
0.28039756721090753,-1.8191351866773977,0.157514435605909,0
-0.376711337443369,-1.7111515370954933,-1.2679920739154151,0
-1.0970535138699407,-1.2690828337769209,0.4957398976078761,0
-0.586753389999329,-1.633199557681465,-0.7348641636361771,0
1.128645932290319,-1.0468549269335192,0.07437481724614617,0
0.8958238284356747,0.055252290691453154,0.46101220599277826,0
0.2812628764905769,0.4489398360047296,-0.3629713236590662,0
0.5777913144945912,-0.3929084984326292,-0.9376821224503151,0
1.4110756562143032,-1.7332271095960408,-2.9736608735975265,0
1.0117574075450964,-0.6277206373776444,-1.1277764780353317,0
0.14034378421625798,-0.20269580242420715,0.4338677914661286,0
0.6118054657806902,-0.26340793097959925,0.34407713478600105,0
0.356969665360195,-0.5337503577818059,-0.35396182990136577,0
0.7298854724864288,-1.1238175613938552,-0.7168437057644845,0
0.9025669402629888,-1.2760398677672757,-0.5382626196318363,0
0.7144154724304854,-0.8109701991533524,-0.916575368310078,0
0.7904165939171109,-0.4195724918492575,-0.529949282105459,0
1.1654739137944452,-0.806501936090489,-0.4810543761981467,0
0.8814364540905946,-0.22309512036844212,-0.039213986074119946,0
-0.11616125479616758,-0.28317542452780076,-0.46020895750367086,0
0.015071947304384308,-0.4077825436758479,0.406113624919924,0
0.23766194705168686,-1.550169229918775,0.3309641435970803,0
0.36640049296442606,-1.6891644242356176,-1.121708877880601,0
1.1418376024193617,-0.7492467356880165,0.39723139194595036,0
0.4889642543980815,-1.3159091624551114,0.2823207304284749,0
1.1449771199759462,-1.5139007390376935,-0.13929564408180092,0
0.19773159896814346,-0.68030366172783,-0.8982654869789201,0
-0.17600563012565923,-0.2540032286601219,-0.04553190846925737,0
0.035602195566703486,-0.42588228373887677,0.38644063838608,0
0.2297609450289396,-1.0998862955859285,-1.7332841708012312,0
1.3562128784042853,-1.6437749289279098,-2.0384090308846274,0
0.3723314096226881,-1.1871551738775645,-0.7047639594559514,0
0.1644016751501007,-0.3295554333504879,0.3515865792089748,0
0.6569388113406821,0.15284946379793266,0.13356524339355047,0
0.07613156126811296,-1.011308220824722,-0.14127869217515782,0
0.6798248902849311,-0.814075394665526,-0.2276313384956572,0
1.1290554709548504,-0.3658418865335497,-0.3093017551485357,0
1.5395013199670895,-0.6368491558813365,0.21171192107613018,0
0.7314266720003822,-0.396322558841451,0.6456957582681191,0
-0.186355586735641,-0.37986581222897386,0.36411522529335405,0
-0.17473486782525166,-0.2909625950473846,-0.14836907466518967,0
0.5939840051037577,-0.9948741873515058,0.26899206506399875,0
1.0317212525347785,-0.980356943213074,0.5997665754679348,0
1.4660447370113552,-0.9327002918379412,-0.8237708849881856,0
1.2595929116391227,-1.3253621361298251,-0.5111317227823535,0
0.4726783720331186,-2.0232105670211733,1.4796121693743316,0
0.16051534469192094,-1.5651061539571955,-1.4018657364032083,0
0.6958336223995395,-1.0375040900434396,-0.6055514043271429,0
0.5172707531505375,-0.07981283593670326,-0.057890233373229676,0
-0.0972455108741893,0.6777421284886745,-0.1508570858520209,0
0.8586902666155442,1.0748049164904625,1.092724076068354,0
2.6439289453281813,-0.3473282557082167,-0.10138097230167832,0
3.161735023778507,0.1459299263814184,-1.60580202611799,0
-0.08103799810425992,0.4380433052192346,-1.3308701930973221,0
-0.10545285336719584,-2.095545061158132,-2.3732493923380504,0
-0.14427218909345801,-1.0161006016508203,-1.2228423311939776,0
0.5048323145563277,-0.6625746130851908,-0.24742850888883705,0
1.1722414936295749,-0.28775269291270916,0.11645216764064546,0
0.9685882029390813,0.10413131396118581,0.9158094980694824,0
0.32128278468184523,-0.07015590858016958,0.9005807102076827,0
-0.04659266387847632,-0.4053764904432197,-0.10695014534653279,0
-0.15048973833865473,-1.3574289426627595,-1.9800576129211482,0
0.5093136123911388,-0.6542371807655512,0.020892967860813,0
1.3087808361207531,-0.6414154881847107,0.4732625096856449,0
1.460367963705726,-0.971410832897649,0.41816505437575924,0
1.6982043253435575,-1.4054735129573144,-1.495573808245746,0
1.36595991026919,-1.6550172189364263,-0.5401136925951663,0
0.2415604063015632,-1.5628014100971421,0.7239423767780334,0
0.10632040655524402,-0.6852595615578527,-0.8086903926851842,0
0.8350667946249472,-0.5752340664407289,-0.6113331687969733,0
0.25082539785720387,-0.11976610017576349,-0.02623926492878095,0
-0.011724070299173632,0.17433852830019422,-0.3033763968932142,0
0.5195373588258998,0.2090974307449153,-0.21435113176080803,0
2.0451661210443013,-1.412916693129741,-1.2651972343539453,0
1.7948746112916292,-0.33622472496289313,-2.339368802179282,0
0.6178822255198976,-0.13074040995561115,0.1172049387704811,0
0.664388659801119,-1.0212207348623932,-0.9334946253264751,0
0.981171234458068,0.0017029033114178424,0.2121258480724841,0
0.27816731402245387,-0.11143671522965085,0.7233992129600918,0
0.15898295292794887,-0.032992805537201235,0.5735488115663603,0
0.30540182265777854,0.14976639647182172,0.6821861861289336,0
0.5007542278272956,-0.6879391897715181,0.6471291662685013,0
0.6176137252276829,-0.7049707969637475,-0.5075290052941094,0
0.5492678008098497,-0.985743030624113,-2.111205980543667,0
1.337448735376965,-0.8811164285891083,-0.02843509738205823,0
2.107233601274116,-1.0923362204443485,0.1192596301714246,0
1.8382408851998364,-1.438825928499208,-1.0903036193871898,0
1.2647208340871114,-1.7875173246595342,0.5121693379103197,0
-0.03302219272386115,-1.185194233292679,0.9542070056590896,0
-0.25322138343628503,-0.19832719108393684,-1.016466916351146,0
0.4282898473850957,-0.6293873075068865,-0.012180370390497146,0
-0.24985455349418687,-0.012464127934239561,-0.2711013806468589,0
0.1678432719500148,0.3165348844771024,-0.2315691972657379,0
1.0849539177755698,-0.4155815511614082,0.5426501197490945,0
1.792199896609362,-1.3941288452877822,0.46736579570690506,0
0.47309991876270224,-1.1279475754675912,-1.5278260491729063,0
0.2956306052218649,-0.880475347011996,-0.6276070262023258,0
0.8776207868433414,0.13694273596147735,0.3138463542869755,0
0.5018546289479748,-0.3341778171692228,0.2902828057550224,0
0.06530274771984748,-0.23302682392294832,0.327909032559652,0
0.20552596844129936,-0.32213767462237175,0.6279982934841073,0
0.22026213476888035,-0.5291153774056947,0.5953971618655831,0
0.30685195403996357,-0.39932608496637634,0.10345570547575597,0
0.7531908001180034,-0.61154652884716,0.07529556671855524,0
1.3697418174753628,-0.9326538414674436,0.01321395111331103,0
1.5417214014062854,-1.1613371358201652,-0.0033319937510644768,0
1.7780383827530497,-1.3895644650890917,-1.3283184804996295,0
1.6140420684279002,-1.509339411899077,-1.3948953558977262,0
0.7661749369100367,-1.0209794391248044,0.49369862748238574,0
-0.06374128425739316,-0.4169327060130503,0.43586144466863497,0
0.18196284388760306,-0.5109227282032122,-0.27801648469890755,0
0.22904329311869318,-0.22636918050901453,-0.20803260044352115,0
0.2516972517917834,0.10493554491962202,-0.2302810717774058,0
0.2526295834209586,0.22704766742959678,-0.19618622387754192,0
1.112079691946891,-0.9701308987824719,-0.6111603900962027,0
1.5305817061597375,-1.128637650689976,-1.6794000369321305,0
0.10940258848699372,-0.4047948050703839,-0.8337709609359831,0
0.6475028899192798,-0.5717220718675458,-0.5422821303905865,0
0.8848722676606601,-0.07663334345593073,0.294116974157708,0
-0.08547723329370358,-0.01886308639318725,0.817408323156182,0
-0.20325526983369507,-0.4288846415737977,0.5561007023752824,0
0.12617603726449786,-0.3083617886379991,0.36932169274201976,0
0.64251184818743,-0.1865083558304564,0.4879098952597528,0
1.003351942039277,-0.29418236960956584,0.28400637686704255,0
1.2603039266550666,-0.7851573262044359,-1.9116815501190347,0
1.2452939928588753,-0.953837690389773,-0.8436012620235913,0
1.4176762880449112,-1.220919767789204,-0.08966983695053334,0
1.261410168509601,-1.237879471290915,-0.1114478508232492,0
1.3846102243799319,-1.4541972811706259,-2.7653843380459,0
0.6163450862336014,-1.4088287869826337,-0.36121880757322683,0
-0.7944092984402935,-1.454826517304179,1.3488926328739943,0
0.24975750079690523,-0.44633572836899804,0.3284888366568555,0
0.6133078029643473,-0.06195796979540973,-0.47888194450470634,0
0.33133109306379704,0.23898678149444302,-0.07395945348138071,0
0.2570778805217396,0.35018272557352476,-0.36286114557468835,0
-0.06745404368972306,0.007668276939421636,-0.6726579499335636,0
1.5581868625361446,-1.7456843429891593,0.7256192234366838,0
0.5588595019622008,-0.5209959738156539,0.29084048638221965,0
-0.03399425612697063,-1.6371272849921858,-0.5489748797466693,0
-0.10750937350193493,0.03304934874076979,0.4140023994343819,0
0.0028977496816694156,0.5521539642680855,0.526970814982561,0
-0.7007573093787007,-0.9173942165524241,0.6263023019448328,0
0.4119415747613349,-0.038507758985592104,0.127150649675319,0
0.9287081936300515,-0.5430373494322683,0.7949210425505643,0
1.1674294126269245,-0.9145349241744226,0.5129804806067345,0
1.8998792468096788,-0.6927401160008617,-2.8601498663288893,0
1.5563872275196629,-0.46722579740513026,-0.20322060696704392,0
1.2417530507390406,-0.6851236184345594,-0.048237158353866175,0
1.5343032818140945,-1.0526564271946464,-0.14385678136021984,0
0.5384541045672219,-0.8620019428811991,-0.4243564196524474,0
0.6410905969482955,-1.0170031375265627,-0.8973096107210063,0
0.21066663072724418,-1.292277411561483,0.25241193559949193,0
0.03209969489655039,-1.0885347107741803,-1.6676633794573756,0
1.1565565715542103,-0.21420974876727164,0.25912427909711955,0
0.6890366869278233,0.32441818671395584,-0.4792523151550446,0
0.10369045286473742,0.6180677882919242,0.2722005205849152,0
0.09856916402813315,0.21626169449410387,-0.43087070300118735,0
0.09298930350644904,-0.8945009682239371,-2.415973608754386,0
1.8885523977308287,-1.508489912910328,1.299389899035906,0
0.18135304937288188,-0.027087422109427012,0.7051723317949151,0
0.061946816004881756,-1.2405955327634963,-1.032783395676624,0
-0.352010867297927,-0.2038759452192646,0.17254331814003976,0
-0.06716784847212157,-0.07458182046630119,0.3256069609460519,0
-0.004614262410356485,-0.5246625881917365,0.1332917321351342,0
0.8114427793644521,-0.642292764300598,-0.2694591245566054,0
1.335869553566409,-0.7842579620749242,-0.16929851804045123,0
1.5052891369544643,-0.6739408454641289,0.11380171825066723,0
0.8209645501377857,-1.0142192406988284,-0.9337216375535423,0
1.21592990223009,-0.8792432761977473,-1.9353132676828895,0
1.3964664939984783,-0.984598556975194,-0.4847095951382365,0
1.2711528955165432,-0.8479451490329222,0.3656933318718023,0
0.9208616707762028,-0.836864671434438,-0.9903539975332671,0
0.8388418384155096,-1.2559792988765066,-1.8230786414645836,0
0.08541026906491757,-1.3094865718869506,-0.0022753855930885956,0
0.18810910722655166,-0.7602792395509298,-0.2520281779191642,0
0.8795189623354501,-0.17361286871907827,0.12223365461031716,0
0.49343039150802354,0.2632215428373126,-0.013493885170609864,0
0.3993296593927783,0.5195668658850482,0.30348429713676894,0
0.793502797952315,0.2807434344022592,-0.3034648011577858,0
0.6638742213320389,-0.7739310005012353,-0.8758669761752867,0
0.43535243018780845,-0.5683492554631697,0.36088970811575466,0
-0.2547144267863678,-0.212229937083553,0.7808285678627321,0
-0.45061202394900784,-1.3805207495395098,0.4398511499375799,0
0.16027946600971393,-0.8675143575761919,0.05581928909194901,0
0.580460406598167,0.3647790847733245,0.186457198460266,0
0.9548917948327025,-0.7549605884834903,0.10474967819492235,0
1.2952351276952254,-1.0402733658670764,-0.02618000746596009,0
1.4931654374866128,-0.5312050257797235,0.0017684973075709836,0
1.4074797686453826,-0.5875093720419268,0.3235634116367927,0
0.8567248315566642,-0.5560256470831626,-1.1331508919995386,0
0.8909518845971082,-0.6561916806483608,-0.5105977177848188,0
1.549053316879653,-0.9478329496941078,0.2619705745529649,0
1.2713273169239294,-0.8551651138907244,-0.8738774683779964,0
1.1553573556754406,-0.8558704815417478,-0.6491427206235748,0
0.3219931084848025,-1.0783315897268864,0.0240938414461107,0
-0.09884568069409803,-0.7899071265069347,-0.6578760854151998,0
0.9324124481880152,-0.16140290154237644,-0.7085296063620786,0
0.9154007953637006,-0.13809769695680724,-0.2743006218473362,0
1.1942258091427038,0.05030217539861409,0.3687306921052334,0
0.8258168091793513,0.4671925358808638,0.36014661135164483,0
-0.1866296986987888,0.5909613084696036,0.3902420375315059,0
0.9643403925517217,-0.8378722063527649,1.8629534112346995,0
0.49953515559260975,-0.8056490449383619,1.0056109430614706,0
-0.26107684800432973,-1.7755738802455032,-0.7333664045326187,0
0.19963661245972725,-0.7812073152853054,-0.20769821669766314,0
0.9400719840029512,0.03326412207865637,0.4075432386645801,0
0.8523277289069608,-0.42537722150417706,0.2407253964946501,0
1.0638233053697017,-0.6270817424516666,-0.4316031199546831,0
1.3558693475618482,-0.9873726175464413,-0.37948122585589644,0
0.9633482207493516,-1.1287732128872252,-0.3521855803185321,0
0.6082638098910481,-0.5320474555949413,0.1552745700587128,0
0.5836291198814857,-0.23232126931297026,-0.6350704679378363,0
1.2509456476095189,-0.7077794729741353,-0.15959695335352841,0
1.5889689659647899,-0.7416518938238403,0.6012235104841501,0
1.567439069775592,-0.7126082947454906,-2.218021460035201,0
1.148244638486305,-0.8849497585829217,-0.3384613038887998,0
-0.28242218174804845,-1.3112312889021553,1.6572879088715844,0
-0.3021585332622517,-0.570840835748495,-0.39342743560220667,0
0.9107462558537961,-0.30969443997878887,-0.44173543261914994,0
1.2427601651111166,0.19213422317573614,0.767236412809556,0
0.5480442150930883,0.6491315849010124,0.3195194688960514,0
-0.3158976627155115,0.701085724089564,0.6251459153826009,0
2.0155572402007738,-0.8459598597005099,2.2378108301239705,0
0.23016860311123943,-0.8454583191327396,-0.06310489799246319,0
-0.4335577609734052,-1.946409306962437,-1.2187878316107021,0
0.5459061070451486,-0.3293211807885105,-0.32240382927078254,0
0.5633289632908747,-0.15428526788843594,-0.200948180524437,0
0.7606447670514086,-1.2468009627065146,-0.3655490384161889,0
0.9287331861633649,-0.7161724300686712,-0.28942470692646927,0
1.1836065357471517,-0.7562624365844761,-0.5205840975873375,0
0.8626467820376994,-0.5179361531513342,0.1090083205727464,0
0.577750650477984,-0.5450980270807447,0.09490187355464351,0
0.6079649394348351,-0.4617765090507508,-0.7978631768801585,0
1.3575775024933632,-0.4612821879923099,-0.0016242643496225569,0
1.6661340606811965,-0.6584597956999272,0.060206632360959356,0
1.0200501334275487,-0.9875509406702473,-0.6146593927023458,0
0.7540874993841111,-0.9224106033690158,-0.8950094539900186,0
0.4077545015249549,-1.1445174096407136,0.17888748073976704,0
-0.00019235890736187116,-1.027788452601647,-1.8495898295625106,0
1.558111436976815,-0.22286518086138074,0.17745948596523173,0
0.9521955060873563,0.23539677507597198,0.025740614978546524,0
-0.05648235863036306,0.8084644219575461,0.8110054462574517,0
-0.6235932535468358,0.3889734883017141,-0.04851605574569647,0
0.3507531100977005,-1.506581809593625,-2.2933926125619126,0
1.167566243146196,-1.4904286413703314,-0.3559449775528365,0
0.1552646432470132,-0.7916465675268762,0.8863431726406278,0
0.7034513995037291,-1.2830068132950505,-0.056847496540727446,0
0.6255426964368214,-0.07215095504496476,-0.1616509884863238,0
0.46497666237722196,-0.5141204158369,-0.06425428129239344,0
0.87092229018271,-0.8997685005987361,-0.6475235124576245,0
1.3699348170188468,-0.6202864982644581,-0.5108014581383788,0
0.7231590606486944,-0.5247105961767411,0.472098295251635,0
0.511531594881139,-0.8887063675846896,-1.0971622054685062,0
0.6056231521950447,-0.6776329338455341,-2.2110418339083138,0
1.2202032971349206,-0.1550345912399885,-0.14001647770520817,0
1.5722295813747886,-0.5025908763370847,0.33826850803776504,0
1.279808977886185,-0.5399406221547316,-0.6264787618481303,0
0.756073968413189,-0.7291290145525643,-1.333992457331948,0
0.7876683312925294,-1.049872156222934,0.6846146807651181,0
0.5296331689062318,-1.1538001704122944,0.17378019816065735,0
0.8302105833743002,-0.7135212085387299,-0.7416165329150037,0
0.5746336633724792,-0.051056362520428666,-0.32372898971988184,0
0.040588212920382775,0.2947908893455611,0.22847868057634851,0
-0.3339235368988117,0.34152087651457125,0.3367879920838848,0
0.6634587660029475,-0.43543763318692996,1.0532873444563113,0
1.9745494248228832,-1.6926147811316898,0.113724301624611,0
0.7393810699351503,-0.8744775319361299,-1.8310201160210486,0
0.19554175531723972,-0.44731123701493997,-0.9008612888281469,0
1.1075155470411628,-0.24298977505562017,0.200622753012194,0
0.8237880131770958,-0.8041541618297872,-0.34686121107490736,0
1.1440326955612667,-0.9035517891180697,-0.48906265201321847,0
1.428661181022724,-0.2751999205548949,-0.4009458526179927,0
0.819507149740827,-0.16975337464471968,0.8491094349587099,0
0.8958982606477057,-0.5144493392591156,0.31144628171681904,0
0.4683597438200077,-0.1554105822007138,-1.7770859150735336,0
0.5635185708392654,-0.6302262490794571,-1.6684411071891705,0
1.1234448251389535,-0.8127761429654995,-0.2584811205811423,0
1.2324521514788638,-0.5590152122120532,0.0910887530786948,0
1.503021649656899,-0.5578266233710185,-1.387534993371678,0
0.8613273251749493,-1.088280885169532,-0.004270908304958734,0
0.2949341427438458,-1.2752560794254153,0.8127078571250447,0
0.7328628552191658,-0.7090223046665449,-0.0021070659647748798,0
0.4601378823595552,-0.03801050242288812,-0.10418110198939841,0
-0.22524809975224033,0.4741590153676654,0.2885537522418515,0
-0.5133741314000527,0.6196750034389842,0.41254977158887796,0
-0.28324277875021714,-0.783222967927503,-1.6045509422977748,0
0.9558639260121736,-2.0130970314149126,-0.5256749142802472,0
0.8139633176503231,-1.0670865997778678,0.5144704560281136,0
0.39564403592119507,-1.403312222793552,-0.05790313252753081,0
0.6974265914046383,-0.33047759652543024,0.10013297249607793,0
0.6636958138273907,-0.5811970454342384,-0.1311985853130783,0
1.1071857409119354,-0.45629606162416797,-0.4138354325060777,0
0.7137904208213808,-0.23395759240938638,-0.4543281820293128,0
0.6350243827873396,-0.19099594834678507,0.831406299176192,0
0.7096057737669424,-0.4963861845654409,-0.3284538246050122,0
0.7967493947470744,-0.2169671198042707,-0.4953305967612723,0
0.9879701921010707,-0.6842175103315846,-1.2008871926523643,0
0.8620548684097572,-0.900103327809464,-0.3671132384226979,0
0.44851981053968604,-1.0798726351942196,-0.01606918002113447,0
1.0336757364162437,-1.2014730772694469,-2.7207185417921655,0
0.9115688331965281,-1.3182411114428505,-0.7366331429778834,0
0.2128734047014567,-1.2595309662754972,1.7380239839364557,0
-0.0492899406760931,-0.6190940573229315,0.17496234752199244,0
0.16650918683043556,-0.529420652893877,-0.33104716617202545,0
-0.18496983548386806,-0.1454624193631022,0.22101692318789182,0
-0.03041997439129827,0.18115810484493716,0.035598978302592905,0
0.3441760150912411,0.4189070366454604,0.6346190737658295,0
2.4977499827380467,-1.4182981280434581,2.938740471880258,0
0.6263027024307897,-0.07170024380168331,0.2774413149347415,0
-0.05584873331152519,-1.1699964416043431,-0.23490079183816473,0
0.9821241356834641,0.059154693202305285,-0.13135043708244196,0
1.4761781259071372,0.6401937012317275,0.4809206894591372,0
1.1837011653149179,-0.27414716304609776,0.3759766828750725,0
1.0316526925090708,0.20851141389255076,0.23190408335411708,0
0.9699588834814651,-0.08511245765710128,0.5509797085264778,0
0.6028019480147836,-0.9832746784629315,-0.7448853808875421,0
0.6734201512012402,-0.9684390864039722,-1.8075047459882303,0
0.5373171317454647,-0.7976291057728564,-0.9862431772542543,0
0.7245910288131944,-1.0402771657456598,-0.2948697821633404,0
1.025996448027945,-0.9861763684748179,-0.15688311293201304,0
1.05176175470736,-1.6091315899500862,-2.778808038140116,0
1.071249326732542,-1.5076422303849406,0.582481665303899,0
-0.3758380136089487,-1.4578964302479798,1.513942166437199,0
-0.12397734447518177,-0.28676960417759173,-0.1497079524337502,0
0.629099192172621,-0.062391019408306644,0.038436859322343295,0
0.2962749550909092,0.21846537426630577,0.41041711974047695,0
0.08165259932103025,0.4168033652194923,0.11460775165624353,0
0.2581450436911234,-0.3866866875393688,-0.05318218540647363,0
1.679247619612584,-1.8806130884855885,1.3301334380155685,0
-0.1261367067664943,-0.4647794993924566,1.4464234589195577,0
1.0191476636396601,-1.0678916762338742,0.028830907249377834,0
0.9005489898552855,0.29727167642487734,0.43780729419449593,0
0.9258869877553814,0.061536147881305736,0.0900836133091771,0
0.5600299700736262,-0.5807639867785868,-0.2820561439419369,0
0.9496443103292546,-0.2416493927246855,-0.2114635102185171,0
0.9625105631661793,-0.469667786545162,0.40202131298088656,0
0.9865388760722494,-0.6598048173031557,0.041014515686067676,0
0.9347439433755064,-0.05564768391140124,-0.6228064799361908,0
1.011099966248221,-0.09904052789141381,-0.40964437785650515,0
0.9696022156739539,-0.7057146605260464,0.29079706089528357,0
1.0544772802903184,-0.7892643747330189,-0.43029070005078945,0
1.1687333743308215,-1.1219966696820263,-1.1754523152236884,0
1.0938757237246146,-1.4552769453962022,0.2892036887437628,0
0.08466761276049468,-1.3221248525337457,-0.3967001896196342,0
0.05870473798722624,-0.644513860373248,-1.4460008635795638,0
0.6526551324319952,-0.31362137604846874,-0.13873888538641102,0
0.22547465482412368,-0.011744516814129783,-0.16358379418955443,0
0.20286202066946396,0.3257291374779489,0.31178694406816576,0
0.6898266447785587,-0.4425261536919306,-0.7341576574380305,0
1.626677848488754,-1.4387650628472834,-2.486933754350442,0
1.248456747117408,-1.1175416457772993,-0.8111290732869131,0
0.30565562183357586,-0.7360762657517197,-0.3033543840287214,0
0.9774498605442874,-0.13700725376756084,-0.6532437363353655,0
0.6513762952135153,0.10040897247856961,0.27786208803098483,0
0.44023675486141595,-0.37294313019449304,0.421471492440899,0
1.2048816320002147,-0.33767667488043296,0.06209844852888485,0
1.1833978682150925,-0.3724513463069682,-0.23919812378789249,0
0.812760795767719,-0.48079366397210993,-0.25985625723064215,0
0.843449347484548,-0.5561254155703267,-0.9499081297548703,0
0.7542643109672464,-0.6956417664506956,-0.10185048021254059,0
1.388660628807203,-0.4552685944397371,0.1613188878186033,0
1.481339500225563,-0.8584335712534837,-0.5454899354300878,0
1.5131470350115896,-0.8904598775485509,-0.28277514816856264,0
0.8235324863394836,-1.2039033458689694,0.9130080513212928,0
-0.4863219030530342,-0.9909458440031168,-1.2723822171741797,0
0.5794785283307039,-0.5812577121455582,-0.7991405627177951,0
0.928618511736677,-0.3416105060506148,-0.21194441891433968,0
0.48048914635097967,-0.16310980966959807,-0.39315706101620157,0
0.35424690465064385,-0.09272949891903344,-0.15260515155865478,0
1.3956188704308465,-1.73340410682593,0.04998968280564093,0
0.8008186896112094,-1.065620388305732,-1.362168583780762,0
-0.2488894509352076,-1.6005598169016106,-1.1112401580864169,0
0.34098206676231535,-0.7073191873751515,0.1635337283751754,0
0.9236262585023646,0.3429875491671998,0.20804906496342346,0
0.3101254040409612,-0.14885924642901185,0.027717079479273373,0
0.9686963104717405,0.23548729192074394,0.16393910573630485,0
1.4907508272997758,-0.1713368740370858,0.08184370640183575,0
1.4751190598949449,-0.5274458689818033,-0.08346690351930414,0
0.7198941799096064,-0.44475633438729206,0.326098624153953,0
0.59217868110893,-0.2884706152983677,-0.3814899758561418,0
1.028849313935494,-0.3763058526238713,-0.07021798065306843,0
1.5064076465422362,-0.7864823181058778,0.5804427966726741,0
1.5855997341978803,-0.9937696521593148,-2.4584390385178887,0
1.6610122942330439,-1.0655181136190874,-0.046647284190484625,0
0.21965388322538953,-1.1865810640725265,1.9349137318462466,0
-0.11398101314948203,-0.3968955258683569,-0.6940938310986411,0
1.3544171437056083,-0.4202623850862029,-0.13433417402689266,0
0.6165643522941946,-0.2667446159269993,-0.3032419803667665,0
0.09600214068930492,-0.17371123015360207,-0.37257582115773963,0
-0.044008083284995406,-0.17694099458606669,-0.17417764945819264,0
2.1026704624237547,-2.0779227486712655,1.9557755164742583,0
0.9989065857971824,-0.708309837322693,-1.0370344784766623,0
-0.18058753667413,-1.2808820021691496,-0.8958618226886985,0
0.6529618935392978,-0.6056337484459945,-0.5058053176607864,0
0.590547373981331,0.5128772631151148,0.297676408197012,0
-0.4613888000776994,-0.640307626389114,0.5964157110740539,0
0.6759431495572336,0.07701137467661626,-0.22031663158459872,0
1.293293423893931,-0.1620061990990814,-0.07093962573428608,0
1.2318510312794124,-0.46724858401677344,-0.06078547012485483,0
0.8392339786762356,-0.2499414040784224,-0.5270195274904785,0
0.5991234474151947,-0.41733278800279283,-1.4563919004264492,0
1.04178774933875,-0.7535907219115674,-0.6582925623881317,0
1.3306261592604787,-0.894342281442086,0.9873878114363546,0
1.6501153495563585,-0.8585638061378371,-1.1522016224750367,0
1.4148649393948207,-1.056115156551278,-0.12219878643770307,0
0.17124806406760798,-1.019638720742496,0.836254796417635,0
0.48629959073842743,-0.5013512028832914,-1.451480330423794,0
1.5044835074086338,-0.3603434135057032,0.33704612246857024,0
0.5564775864567613,-0.13455632360376318,-0.2570786821245495,0
0.42014453402996066,0.078199735075059,0.28730561965555285,0
0.2964956508091279,-0.4587188450834406,-0.7477621882091894,0
1.0088405988764688,-1.9498149734341557,-3.1717063820502336,0
1.2447525444507208,-1.5930898345692561,-2.3313479033949016,0
0.46477850124020514,-0.8399046875615647,-0.06224824185057136,0
0.768092253399746,-0.7888029303050131,-0.9723523682446242,0
0.13614251924517737,0.3733583832023089,0.39282727241141546,0
-0.21894832189542587,-0.33620748721163757,0.24576951688121623,0
0.7187838633190368,-0.24340049697667815,-0.2828559546366062,0
1.2271011283108275,-0.278222719616068,-0.11727166156477162,0
1.2106043650919989,-0.4590213851383088,0.2842095990449505,0
0.6871463576085669,-0.45880132291923365,-0.8540387387193276,0
0.2920024402197724,-0.6409142584616356,-1.8984416098408778,0
0.9239984481556714,-0.45740861887017237,0.09752154081207734,0
1.7062344723638811,-0.48840295016756236,0.33385708932843683,0
1.9394230578313845,-0.8062176646609186,-0.30671211196160103,0
1.1157548302035447,-0.8671428009563308,-1.3294038848885394,0
0.09705990730156623,-1.2223122751583495,0.8707060242252335,0
-0.07972096890605879,-0.9311470517636805,1.2051079825107127,0
0.9223959269196197,-0.3725164568540439,-0.15013988471884399,0
0.7325826772716609,-0.14504609319478368,-0.13283769852596455,0
0.646995122126782,0.17810641587783235,0.3504979137328906,0
0.2587712872110858,-0.03952474900829269,-0.11292689247533809,0
1.2268978002852498,-0.8928978939803492,0.48514045288106294,0
1.209528125185199,-1.2302102194237055,0.9462751147218534,0
-0.09350898629609332,-1.1076559502895484,0.12267070946943241,0
-0.3462839977300783,-1.3151209450850052,-0.6580638325534464,0
-0.2804264273574414,-0.15957503074546045,-0.2838609339557951,0
-0.27611204893399927,-0.28526972879018475,-0.08889186328257863,0
0.22824342615210122,-0.524720009684443,-0.13107038944587765,0
1.006144781706338,-0.1615605913605158,0.004317929406328409,0
1.209829917437997,-0.3019902276913449,-0.0844768620593519,0
0.8443315479043167,-0.4278200007549057,0.008007426849446912,0
0.6347394244883358,-0.3287994567921234,0.006715818799880122,0
0.9173001474110853,-0.7652961632810852,-0.214740109388619,0
1.7810511616905949,-1.0853037017195573,0.421303218185834,0
1.8763008651615998,-1.055796841410737,-1.3065881795570617,0
1.2583183167972718,-1.0359308100942939,-0.6138356757503941,0
0.04406470077941008,-1.3228380026055815,1.670059628787009,0
-0.007911258342950856,-0.9249600373907246,0.8590379211262024,0
0.5200912706715358,-0.5321783268631604,-0.357799796505277,0
0.5924621165578108,-0.05761449279198605,0.10587445341204993,0
0.4839326940511002,0.19522643837862813,0.13258162895625622,0
0.49798616391509143,0.02986453685951173,0.061825115870096856,0
1.7395870504307644,-1.1828939412938273,1.2710051029890046,0
1.2183754650340322,-0.7429129048443444,0.796791102969073,0
-0.3467385642557936,-0.3742288561940918,-0.8410917991538678,0
-0.3654851892116699,-0.8302186527078129,-0.4945734408658942,0
-0.07750134283929182,-0.12229680100064914,0.06216259551820051,0
-0.12311059812484663,-0.6300516481795781,0.1662049817284808,0
0.3534853419183716,-0.2757478617580114,-0.14599632994242548,0
0.5871361399323756,-0.10190690933700747,-0.09946822591442914,0
0.5075770390430366,-0.6861743594090455,-0.47088629691961015,0
0.5647674106637355,-0.7615205486695075,-0.17884545727158896,0
0.2597294993498109,-1.059101650647619,-2.039965075805901,0
1.139053101680481,-0.7313623737762224,-0.21084328118704235,0
2.5039999799163244,-0.7896687904629781,0.37425572026700565,0
2.2797664944764606,-0.8679631992299276,-1.8363548001165475,0
0.9424374923338728,-0.7893691282648114,-0.25999693297702253,0
0.27643884206756525,-1.4862038064396625,1.3985487708252258,0
0.3293269132242478,-0.9051656992946829,-1.7561610090231434,0
1.4040847680940192,-0.6250810798709955,-0.2912777661859597,0
0.6475025764536079,-0.2212502861548434,-0.16644090557575994,0
0.5675617209719412,-0.2344878821552171,-0.003744597032205969,0
0.33383012188593414,0.191258274129323,0.00709571783244841,0
1.5256640069231058,-1.5456909830894876,-2.641814180174806,0
1.9323123326318739,-1.4548696371150651,-2.1723748197426764,0
0.22075263441526766,-0.48370537471267966,0.08002674715115572,0
0.596112103430304,-0.5005145446062971,0.40622425936712225,0
0.6210032899030508,0.8095409527555646,0.391520247978619,0
-0.25392950238948137,-0.6192399011323393,0.3861147645179594,0
0.35271467173751914,0.11332422253046899,-0.4004530386392908,0
0.6373514518607212,-0.0397444461261443,-0.2194363353225434,0
0.43917770685231955,-0.6979537931193615,0.28287687494104885,0
0.2753709566563289,-0.5473678448830318,0.2233072994060552,0
0.016749410134183913,-0.7373450354558047,-2.9659117211179455,0
1.0475447730334448,-0.9563725000163514,-0.43455538601382554,0
2.1425405583809054,-1.3423010299921518,0.08291193997523216,0
1.4663438425668223,-0.675392378849778,0.39110113067716207,0
1.038727301379932,-0.5578551080485025,-2.2089328392772423,0
0.5080075354293588,-1.476682554314812,0.14106395066464505,0
-0.565358963930746,-1.637188057955874,0.9754228462954024,0
1.1947900346443538,-0.2905224626968239,0.30086589993574886,0
0.8333206425707507,-0.2613616912194364,-0.6210054907538916,0
0.6900294898975603,-0.041245558110264396,0.018395215234757775,0
0.5967239735960971,0.18461969397276115,-0.19427413730939083,0
0.3240037588488667,-0.35573663861202304,-0.11026972324146685,0
1.632893403626314,-1.7531390091556434,0.8761552843223193,0
0.31390913379585583,-0.40660219289743105,0.6327913840706202,0
-0.39974515508867525,-1.0119071145598604,0.6756195249540111,0
0.20200104378190378,0.3297830473885474,0.34205988880932986,0
0.3834160397525119,0.18879464228612503,0.4671642779849488,0
0.5417136466470329,-0.28419260218766224,0.03505239505141461,0
1.0344410154111392,0.2141628043116792,-0.032629951284989876,0
1.0443702701662438,-0.41453133240600937,0.2707658252994362,0
0.706618601585987,-0.597586493605126,-0.530115976845402,0
0.547912742718798,-0.8648297716722311,-0.6031029480918575,0
0.9110048470301545,-1.2468553582674105,-1.9025723088634943,0
1.5695274861014694,-0.8623126869753204,-0.2600506312305009,0
0.7951603228827634,-0.5730151462357285,-1.1776794894129108,0
0.43893189046110365,-1.1066855621034877,-1.6669202524444335,0
-0.08784090213181296,-1.3362661667500466,0.2829753704002579,0
0.22253412231095018,-0.8249416819577365,0.6723445298926471,0
1.1231350437475405,-0.26624062364234585,0.06389127157854889,0
0.9864087348680599,-0.22457757341936244,-0.23764844453613865,0
0.5362201978092798,0.16014191650821064,0.09774257166131406,0
0.29969674848518923,-0.3342383414571549,-1.201764333172092,0
0.750545889031712,-1.49328582972537,-2.5150759068888195,0
1.2096532636467034,-0.8890901601820815,-0.49066307433903444,0
0.19080561730407855,-0.061821551927491364,0.3661238595589359,0
-0.10027288714559847,-0.04329563765016571,-0.016506956906729205,0
-0.16257700112864815,-0.20677352529911391,0.4363587367897101,0
0.37676517610696114,-0.4631516351149093,0.06235365503511984,0
0.9725917907387268,0.13584917415218425,0.1485661878429729,0
1.1610022603240784,0.2597327039332006,0.7120849212483681,0
0.8526229172005326,-0.09912055627101223,0.8531655101116074,0
0.6495311229541323,-0.5509989671249002,-1.2127702866978862,0
0.7898333137268205,-1.0966014120591534,-1.2416648184464434,0
1.5867670475314777,-1.282828680069095,0.2122957722040857,0
1.1095328680818095,-1.1944506875603278,-1.2975673569540154,0
0.6306834317941559,-0.9797025156602848,-0.7190084332118097,0
0.26361789169198907,-1.1958635614738746,0.4731699311611017,0
-0.36338729902125727,-1.1297664012490614,-0.7458828558659435,0
0.5788893759540902,-0.6454643025030038,-0.37283555183717976,0
0.9438814783062773,-0.28466205793121047,-0.17030187786345263,0
0.8166934765733372,-0.07491744683048057,-0.007216418616159284,0
0.2846749037347631,0.2188407469286746,0.06939731399485899,0
0.6313368531055883,-1.3202016846658242,-2.136071029808573,0
1.4379477498184603,-1.6937222303516002,-3.126257275839945,0
0.6265083422656988,-0.36065888243918526,-0.40749320188612903,0
0.008495210877237728,-0.6886001545577899,-0.8700373685738123,0
-0.11044081339260735,0.09785813343884038,0.20036773299658717,0
0.05870079425018982,0.26622396122478,0.8274492928951538,0
0.29764008750269866,-0.5282177359209643,0.005926462364747903,0
0.799009079820521,0.08823724485104588,-0.15038970851109815,0
1.0222264101570846,-0.03780129083131484,0.24368289060417772,0
0.6461520074875016,-0.34216623736088514,0.015224948207259342,0
0.8447915746631578,-0.8332722361320389,-2.28391997380102,0
0.7508269957271709,-0.769331164791487,-0.6614150901821495,0
1.7578203997057629,-0.9240878749978659,0.4671315145538771,0
1.360500082742777,-0.7847538543120043,0.07175336267726293,0
0.7734290175862234,-1.0214728794189323,-1.9573424415571552,0
0.0050801781750199025,-1.7035824184888713,-0.5310653496043333,0
-0.903318385062181,-1.8619416536773379,0.7001651636451351,0
0.7201303752345022,-0.5245115572321315,0.4442084653221078,0
0.6599020319908772,-0.24685545776526557,-0.5284145388065652,0
0.5893748863461332,0.06212532517645779,0.23255561558715493,0
0.3723775960360522,0.07198395004749963,-0.3524934069046427,0
0.008454309961066934,-0.527797432070897,-2.485774156151302,0
1.7982639165106133,-1.7873043587422544,-1.0565953081658723,0
